row_id,date,line,model,hour,planned_pairs,produced_pairs,good_pairs,workers,available_minutes,downtime_minutes,downtime_reason
S01-LINE-A-1,2026-09-14,LINE-A,FLEX,8,300,268,266,12,60,4,자재 대기
S01-LINE-A-2,2026-09-14,LINE-A,FLEX,9,300,247,243,12,60,9,자재 대기
S01-LINE-A-3,2026-09-14,LINE-A,FLEX,10,300,225,219,12,60,14,자재 대기
S01-LINE-A-4,2026-09-14,LINE-A,CORE,11,240,205,197,14,60,8,설비 조정
S01-LINE-A-5,2026-09-14,LINE-A,CORE,12,240,180,170,14,60,13,작업 전환
S01-LINE-A-6,2026-09-14,LINE-A,FLEX,13,300,257,251,12,60,7,품질 확인
S01-LINE-A-7,2026-09-14,LINE-A,FLEX,14,300,210,208,12,60,17,자재 대기
S01-LINE-A-8,2026-09-14,LINE-A,FLEX,15,300,272,268,12,60,5,자재 대기
S01-LINE-B-1,2026-09-14,LINE-B,CORE,8,252,199,196,14,60,11,작업 전환
S01-LINE-B-2,2026-09-14,LINE-B,CORE,9,252,226,221,14,60,5,품질 확인
S01-LINE-B-3,2026-09-14,LINE-B,CORE,10,252,232,225,14,60,4,자재 대기
S01-LINE-B-4,2026-09-14,LINE-B,FLEX,11,312,254,251,12,60,9,자재 대기
S01-LINE-B-5,2026-09-14,LINE-B,CORE,12,252,187,185,14,60,14,자재 대기
S01-LINE-B-6,2026-09-14,LINE-B,CORE,13,252,189,185,14,60,14,설비 조정
S01-LINE-B-7,2026-09-14,LINE-B,CORE,14,252,216,210,14,60,8,작업 전환
S01-LINE-B-8,2026-09-14,LINE-B,CORE,15,252,189,181,14,60,13,품질 확인
S01-LINE-C-1,2026-09-14,LINE-C,CORE,8,264,181,177,14,60,18,자재 대기
S01-LINE-C-2,2026-09-14,LINE-C,FLEX,9,324,256,250,12,60,12,설비 조정
S01-LINE-C-3,2026-09-14,LINE-C,FLEX,10,324,279,277,12,60,6,작업 전환
S01-LINE-C-4,2026-09-14,LINE-C,FLEX,11,324,256,252,12,60,11,품질 확인
S01-LINE-C-5,2026-09-14,LINE-C,CORE,12,264,241,238,14,60,4,자재 대기
S01-LINE-C-6,2026-09-14,LINE-C,CORE,13,264,222,217,14,60,9,자재 대기
S01-LINE-C-7,2026-09-14,LINE-C,FLEX,14,324,238,234,12,60,14,자재 대기
S01-LINE-C-8,2026-09-14,LINE-C,FLEX,15,324,267,261,12,60,9,설비 조정
S02-LINE-A-1,2026-09-15,LINE-A,FLEX,8,300,257,254,12,60,7,설비 조정
S02-LINE-A-2,2026-09-15,LINE-A,FLEX,9,300,235,230,12,60,12,설비 조정
S02-LINE-A-3,2026-09-15,LINE-A,CORE,10,240,213,206,14,60,6,작업 전환
S02-LINE-A-4,2026-09-15,LINE-A,CORE,11,240,230,221,14,60,0,무정지
S02-LINE-A-5,2026-09-15,LINE-A,FLEX,12,300,242,237,12,60,10,자재 대기
S02-LINE-A-6,2026-09-15,LINE-A,FLEX,13,300,220,213,12,60,15,자재 대기
S02-LINE-A-7,2026-09-15,LINE-A,FLEX,14,300,277,274,12,60,4,설비 조정
S02-LINE-A-8,2026-09-15,LINE-A,CORE,15,240,195,187,14,60,9,작업 전환
S02-LINE-B-1,2026-09-15,LINE-B,CORE,8,252,189,185,14,60,14,자재 대기
S02-LINE-B-2,2026-09-15,LINE-B,CORE,9,252,170,164,14,60,19,자재 대기
S02-LINE-B-3,2026-09-15,LINE-B,FLEX,10,312,234,232,12,60,13,설비 조정
S02-LINE-B-4,2026-09-15,LINE-B,CORE,11,252,215,205,14,60,7,설비 조정
S02-LINE-B-5,2026-09-15,LINE-B,CORE,12,252,197,194,14,60,12,작업 전환
S02-LINE-B-6,2026-09-15,LINE-B,CORE,13,252,249,244,14,60,0,무정지
S02-LINE-B-7,2026-09-15,LINE-B,CORE,14,252,201,194,14,60,10,자재 대기
S02-LINE-B-8,2026-09-15,LINE-B,FLEX,15,312,226,220,12,60,15,자재 대기
S02-LINE-C-1,2026-09-15,LINE-C,FLEX,8,324,267,262,12,60,10,작업 전환
S02-LINE-C-2,2026-09-15,LINE-C,FLEX,9,324,290,283,12,60,4,품질 확인
S02-LINE-C-3,2026-09-15,LINE-C,FLEX,10,324,240,237,12,60,14,자재 대기
S02-LINE-C-4,2026-09-15,LINE-C,CORE,11,264,176,174,14,60,19,자재 대기
S02-LINE-C-5,2026-09-15,LINE-C,CORE,12,264,226,222,14,60,8,설비 조정
S02-LINE-C-6,2026-09-15,LINE-C,FLEX,13,324,243,240,12,60,13,설비 조정
S02-LINE-C-7,2026-09-15,LINE-C,FLEX,14,324,277,272,12,60,7,작업 전환
S02-LINE-C-8,2026-09-15,LINE-C,FLEX,15,324,317,310,12,60,0,무정지
S03-LINE-A-1,2026-09-16,LINE-A,FLEX,8,300,245,241,12,60,10,품질 확인
S03-LINE-A-2,2026-09-16,LINE-A,CORE,9,240,178,172,14,60,15,자재 대기
S03-LINE-A-3,2026-09-16,LINE-A,CORE,10,240,153,145,14,60,20,자재 대기
S03-LINE-A-4,2026-09-16,LINE-A,FLEX,11,300,252,248,12,60,8,자재 대기
S03-LINE-A-5,2026-09-16,LINE-A,FLEX,12,300,254,248,12,60,8,설비 조정
S03-LINE-A-6,2026-09-16,LINE-A,FLEX,13,300,232,230,12,60,13,작업 전환
S03-LINE-A-7,2026-09-16,LINE-A,CORE,14,240,203,196,14,60,7,품질 확인
S03-LINE-A-8,2026-09-16,LINE-A,CORE,15,240,190,181,14,60,11,자재 대기
S03-LINE-B-1,2026-09-16,LINE-B,CORE,8,252,224,219,14,60,6,설비 조정
S03-LINE-B-2,2026-09-16,LINE-B,FLEX,9,312,244,237,12,60,11,작업 전환
S03-LINE-B-3,2026-09-16,LINE-B,CORE,10,252,224,215,14,60,5,품질 확인
S03-LINE-B-4,2026-09-16,LINE-B,CORE,11,252,185,183,14,60,15,자재 대기
S03-LINE-B-5,2026-09-16,LINE-B,CORE,12,252,166,162,14,60,20,자재 대기
S03-LINE-B-6,2026-09-16,LINE-B,CORE,13,252,209,203,14,60,8,자재 대기
S03-LINE-B-7,2026-09-16,LINE-B,FLEX,14,312,232,227,12,60,14,설비 조정
S03-LINE-B-8,2026-09-16,LINE-B,CORE,15,252,214,204,14,60,8,작업 전환
S03-LINE-C-1,2026-09-16,LINE-C,FLEX,8,324,274,268,12,60,7,자재 대기
S03-LINE-C-2,2026-09-16,LINE-C,FLEX,9,324,251,249,12,60,12,자재 대기
S03-LINE-C-3,2026-09-16,LINE-C,CORE,10,264,206,196,14,60,12,설비 조정
S03-LINE-C-4,2026-09-16,LINE-C,CORE,11,264,235,232,14,60,6,작업 전환
S03-LINE-C-5,2026-09-16,LINE-C,FLEX,12,324,254,252,12,60,11,품질 확인
S03-LINE-C-6,2026-09-16,LINE-C,FLEX,13,324,235,231,12,60,15,자재 대기
S03-LINE-C-7,2026-09-16,LINE-C,FLEX,14,324,211,205,12,60,20,자재 대기
S03-LINE-C-8,2026-09-16,LINE-C,CORE,15,264,226,224,14,60,8,자재 대기
S04-LINE-A-1,2026-09-17,LINE-A,CORE,8,240,186,181,14,60,13,자재 대기
S04-LINE-A-2,2026-09-17,LINE-A,CORE,9,240,203,196,14,60,7,설비 조정
S04-LINE-A-3,2026-09-17,LINE-A,FLEX,10,300,232,229,12,60,12,설비 조정
S04-LINE-A-4,2026-09-17,LINE-A,FLEX,11,300,264,259,12,60,6,작업 전환
S04-LINE-A-5,2026-09-17,LINE-A,FLEX,12,300,297,290,12,60,0,무정지
S04-LINE-A-6,2026-09-17,LINE-A,CORE,13,240,215,209,14,60,4,자재 대기
S04-LINE-A-7,2026-09-17,LINE-A,CORE,14,240,197,189,14,60,9,자재 대기
S04-LINE-A-8,2026-09-17,LINE-A,FLEX,15,300,274,267,12,60,4,설비 조정
S04-LINE-B-1,2026-09-17,LINE-B,FLEX,8,312,254,248,12,60,9,품질 확인
S04-LINE-B-2,2026-09-17,LINE-B,CORE,9,252,211,203,14,60,8,자재 대기
S04-LINE-B-3,2026-09-17,LINE-B,CORE,10,252,193,183,14,60,13,자재 대기
S04-LINE-B-4,2026-09-17,LINE-B,CORE,11,252,195,192,14,60,13,설비 조정
S04-LINE-B-5,2026-09-17,LINE-B,CORE,12,252,213,208,14,60,7,설비 조정
S04-LINE-B-6,2026-09-17,LINE-B,FLEX,13,312,242,238,12,60,12,작업 전환
S04-LINE-B-7,2026-09-17,LINE-B,CORE,14,252,246,237,14,60,0,무정지
S04-LINE-B-8,2026-09-17,LINE-B,CORE,15,252,232,230,14,60,4,자재 대기
S04-LINE-C-1,2026-09-17,LINE-C,FLEX,8,324,288,281,12,60,5,설비 조정
S04-LINE-C-2,2026-09-17,LINE-C,CORE,9,264,215,206,14,60,10,작업 전환
S04-LINE-C-3,2026-09-17,LINE-C,CORE,10,264,243,241,14,60,4,품질 확인
S04-LINE-C-4,2026-09-17,LINE-C,FLEX,11,324,269,262,12,60,8,자재 대기
S04-LINE-C-5,2026-09-17,LINE-C,FLEX,12,324,246,243,12,60,13,자재 대기
S04-LINE-C-6,2026-09-17,LINE-C,FLEX,13,324,275,270,12,60,8,설비 조정
S04-LINE-C-7,2026-09-17,LINE-C,CORE,14,264,204,194,14,60,13,설비 조정
S04-LINE-C-8,2026-09-17,LINE-C,CORE,15,264,223,220,14,60,7,작업 전환
S05-LINE-A-1,2026-09-18,LINE-A,CORE,8,240,211,205,14,60,5,작업 전환
S05-LINE-A-2,2026-09-18,LINE-A,FLEX,9,300,242,240,12,60,10,품질 확인
S05-LINE-A-3,2026-09-18,LINE-A,FLEX,10,300,249,245,12,60,9,자재 대기
S05-LINE-A-4,2026-09-18,LINE-A,FLEX,11,300,227,221,12,60,14,자재 대기
S05-LINE-A-5,2026-09-18,LINE-A,CORE,12,240,157,152,14,60,19,자재 대기
S05-LINE-A-6,2026-09-18,LINE-A,CORE,13,240,201,194,14,60,8,설비 조정
S05-LINE-A-7,2026-09-18,LINE-A,FLEX,14,300,230,224,12,60,13,작업 전환
S05-LINE-A-8,2026-09-18,LINE-A,FLEX,15,300,262,260,12,60,7,품질 확인
S05-LINE-B-1,2026-09-18,LINE-B,CORE,8,252,219,212,14,60,6,자재 대기
S05-LINE-B-2,2026-09-18,LINE-B,CORE,9,252,222,213,14,60,6,설비 조정
S05-LINE-B-3,2026-09-18,LINE-B,CORE,10,252,203,201,14,60,11,작업 전환
S05-LINE-B-4,2026-09-18,LINE-B,CORE,11,252,221,217,14,60,5,품질 확인
S05-LINE-B-5,2026-09-18,LINE-B,FLEX,12,312,257,254,12,60,9,자재 대기
S05-LINE-B-6,2026-09-18,LINE-B,CORE,13,252,189,181,14,60,14,자재 대기
S05-LINE-B-7,2026-09-18,LINE-B,CORE,14,252,170,160,14,60,19,자재 대기
S05-LINE-B-8,2026-09-18,LINE-B,CORE,15,252,185,182,14,60,14,설비 조정
S05-LINE-C-1,2026-09-18,LINE-C,CORE,8,264,258,250,14,60,0,무정지
S05-LINE-C-2,2026-09-18,LINE-C,CORE,9,264,182,172,14,60,18,자재 대기
S05-LINE-C-3,2026-09-18,LINE-C,FLEX,10,324,279,273,12,60,6,자재 대기
S05-LINE-C-4,2026-09-18,LINE-C,FLEX,11,324,251,249,12,60,12,설비 조정
S05-LINE-C-5,2026-09-18,LINE-C,FLEX,12,324,285,281,12,60,6,작업 전환
S05-LINE-C-6,2026-09-18,LINE-C,CORE,13,264,213,204,14,60,11,품질 확인
S05-LINE-C-7,2026-09-18,LINE-C,CORE,14,264,215,213,14,60,9,자재 대기
S05-LINE-C-8,2026-09-18,LINE-C,FLEX,15,324,240,236,12,60,14,자재 대기
S06-LINE-A-1,2026-09-19,LINE-A,FLEX,8,300,198,191,12,60,19,자재 대기
S06-LINE-A-2,2026-09-19,LINE-A,FLEX,9,300,259,256,12,60,7,자재 대기
S06-LINE-A-3,2026-09-19,LINE-A,FLEX,10,300,262,257,12,60,7,설비 조정
S06-LINE-A-4,2026-09-19,LINE-A,CORE,11,240,184,180,14,60,12,설비 조정
S06-LINE-A-5,2026-09-19,LINE-A,CORE,12,240,209,203,14,60,6,작업 전환
S06-LINE-A-6,2026-09-19,LINE-A,FLEX,13,300,294,289,12,60,0,무정지
S06-LINE-A-7,2026-09-19,LINE-A,FLEX,14,300,222,215,12,60,15,자재 대기
S06-LINE-A-8,2026-09-19,LINE-A,FLEX,15,300,192,189,12,60,20,자재 대기
S06-LINE-B-1,2026-09-19,LINE-B,CORE,8,252,230,222,14,60,4,작업 전환
S06-LINE-B-2,2026-09-19,LINE-B,CORE,9,252,212,202,14,60,9,품질 확인
S06-LINE-B-3,2026-09-19,LINE-B,CORE,10,252,165,162,14,60,19,자재 대기
S06-LINE-B-4,2026-09-19,LINE-B,FLEX,11,312,267,265,12,60,7,자재 대기
S06-LINE-B-5,2026-09-19,LINE-B,CORE,12,252,193,186,14,60,13,설비 조정
S06-LINE-B-6,2026-09-19,LINE-B,CORE,13,252,220,211,14,60,7,설비 조정
S06-LINE-B-7,2026-09-19,LINE-B,CORE,14,252,193,191,14,60,12,작업 전환
S06-LINE-B-8,2026-09-19,LINE-B,CORE,15,252,244,240,14,60,0,무정지
S06-LINE-C-1,2026-09-19,LINE-C,CORE,8,264,191,182,14,60,16,자재 대기
S06-LINE-C-2,2026-09-19,LINE-C,FLEX,9,324,285,280,12,60,5,설비 조정
S06-LINE-C-3,2026-09-19,LINE-C,FLEX,10,324,261,254,12,60,10,작업 전환
S06-LINE-C-4,2026-09-19,LINE-C,FLEX,11,324,296,293,12,60,4,품질 확인
S06-LINE-C-5,2026-09-19,LINE-C,CORE,12,264,178,170,14,60,19,자재 대기
S06-LINE-C-6,2026-09-19,LINE-C,CORE,13,264,223,213,14,60,7,자재 대기
S06-LINE-C-7,2026-09-19,LINE-C,FLEX,14,324,272,269,12,60,8,설비 조정
S06-LINE-C-8,2026-09-19,LINE-C,FLEX,15,324,248,243,12,60,13,설비 조정
S07-LINE-A-1,2026-09-20,LINE-A,FLEX,8,300,240,238,12,60,11,설비 조정
S07-LINE-A-2,2026-09-20,LINE-A,FLEX,9,300,272,268,12,60,5,작업 전환
S07-LINE-A-3,2026-09-20,LINE-A,CORE,10,240,192,189,14,60,10,품질 확인
S07-LINE-A-4,2026-09-20,LINE-A,CORE,11,240,155,150,14,60,20,자재 대기
S07-LINE-A-5,2026-09-20,LINE-A,FLEX,12,300,254,250,12,60,8,자재 대기
S07-LINE-A-6,2026-09-20,LINE-A,FLEX,13,300,232,226,12,60,13,자재 대기
S07-LINE-A-7,2026-09-20,LINE-A,FLEX,14,300,249,247,12,60,8,설비 조정
S07-LINE-A-8,2026-09-20,LINE-A,CORE,15,240,182,178,14,60,13,작업 전환
S07-LINE-B-1,2026-09-20,LINE-B,CORE,8,252,199,190,14,60,12,자재 대기
S07-LINE-B-2,2026-09-20,LINE-B,CORE,9,252,173,171,14,60,17,자재 대기
S07-LINE-B-3,2026-09-20,LINE-B,FLEX,10,312,272,265,12,60,6,설비 조정
S07-LINE-B-4,2026-09-20,LINE-B,CORE,11,252,201,195,14,60,11,작업 전환
S07-LINE-B-5,2026-09-20,LINE-B,CORE,12,252,228,220,14,60,5,품질 확인
S07-LINE-B-6,2026-09-20,LINE-B,CORE,13,252,161,151,14,60,20,자재 대기
S07-LINE-B-7,2026-09-20,LINE-B,CORE,14,252,211,208,14,60,8,자재 대기
S07-LINE-B-8,2026-09-20,LINE-B,FLEX,15,312,239,234,12,60,13,자재 대기
S07-LINE-C-1,2026-09-20,LINE-C,FLEX,8,324,238,234,12,60,14,작업 전환
S07-LINE-C-2,2026-09-20,LINE-C,FLEX,9,324,314,308,12,60,0,무정지
S07-LINE-C-3,2026-09-20,LINE-C,FLEX,10,324,254,252,12,60,12,자재 대기
S07-LINE-C-4,2026-09-20,LINE-C,CORE,11,264,187,180,14,60,17,자재 대기
S07-LINE-C-5,2026-09-20,LINE-C,CORE,12,264,202,193,14,60,12,설비 조정
S07-LINE-C-6,2026-09-20,LINE-C,FLEX,13,324,282,280,12,60,6,작업 전환
S07-LINE-C-7,2026-09-20,LINE-C,FLEX,14,324,259,255,12,60,11,품질 확인
S07-LINE-C-8,2026-09-20,LINE-C,FLEX,15,324,213,207,12,60,20,자재 대기
S08-LINE-A-1,2026-09-21,LINE-A,FLEX,8,300,227,224,12,60,14,품질 확인
S08-LINE-A-2,2026-09-21,LINE-A,CORE,9,240,180,178,14,60,13,자재 대기
S08-LINE-A-3,2026-09-21,LINE-A,CORE,10,240,162,158,14,60,18,자재 대기
S08-LINE-A-4,2026-09-21,LINE-A,FLEX,11,300,259,256,12,60,7,설비 조정
S08-LINE-A-5,2026-09-21,LINE-A,FLEX,12,300,237,232,12,60,12,설비 조정
S08-LINE-A-6,2026-09-21,LINE-A,FLEX,13,300,259,252,12,60,6,작업 전환
S08-LINE-A-7,2026-09-21,LINE-A,CORE,14,240,232,229,14,60,0,무정지
S08-LINE-A-8,2026-09-21,LINE-A,CORE,15,240,199,194,14,60,9,자재 대기
S08-LINE-B-1,2026-09-21,LINE-B,CORE,8,252,201,191,14,60,10,설비 조정
S08-LINE-B-2,2026-09-21,LINE-B,FLEX,9,312,282,276,12,60,4,작업 전환
S08-LINE-B-3,2026-09-21,LINE-B,CORE,10,252,209,204,14,60,9,품질 확인
S08-LINE-B-4,2026-09-21,LINE-B,CORE,11,252,195,188,14,60,13,자재 대기
S08-LINE-B-5,2026-09-21,LINE-B,CORE,12,252,169,160,14,60,18,자재 대기
S08-LINE-B-6,2026-09-21,LINE-B,CORE,13,252,191,189,14,60,13,설비 조정
S08-LINE-B-7,2026-09-21,LINE-B,FLEX,14,312,270,266,12,60,7,설비 조정
S08-LINE-B-8,2026-09-21,LINE-B,CORE,15,252,199,193,14,60,12,작업 전환
S08-LINE-C-1,2026-09-21,LINE-C,FLEX,8,324,288,283,12,60,5,자재 대기
S08-LINE-C-2,2026-09-21,LINE-C,FLEX,9,324,264,257,12,60,10,자재 대기
S08-LINE-C-3,2026-09-21,LINE-C,CORE,10,264,239,233,14,60,5,설비 조정
S08-LINE-C-4,2026-09-21,LINE-C,CORE,11,264,211,203,14,60,10,작업 전환
S08-LINE-C-5,2026-09-21,LINE-C,FLEX,12,324,293,286,12,60,4,품질 확인
S08-LINE-C-6,2026-09-21,LINE-C,FLEX,13,324,248,245,12,60,13,자재 대기
S08-LINE-C-7,2026-09-21,LINE-C,FLEX,14,324,224,219,12,60,18,자재 대기
S08-LINE-C-8,2026-09-21,LINE-C,CORE,15,264,219,212,14,60,8,설비 조정
S09-LINE-A-1,2026-09-22,LINE-A,CORE,8,240,188,178,14,60,11,자재 대기
S09-LINE-A-2,2026-09-22,LINE-A,CORE,9,240,190,187,14,60,11,설비 조정
S09-LINE-A-3,2026-09-22,LINE-A,FLEX,10,300,269,267,12,60,5,작업 전환
S09-LINE-A-4,2026-09-22,LINE-A,FLEX,11,300,247,243,12,60,10,품질 확인
S09-LINE-A-5,2026-09-22,LINE-A,FLEX,12,300,220,214,12,60,14,자재 대기
S09-LINE-A-6,2026-09-22,LINE-A,CORE,13,240,159,157,14,60,19,자재 대기
S09-LINE-A-7,2026-09-22,LINE-A,CORE,14,240,207,203,14,60,7,자재 대기
S09-LINE-A-8,2026-09-22,LINE-A,FLEX,15,300,257,251,12,60,8,설비 조정
S09-LINE-B-1,2026-09-22,LINE-B,FLEX,8,312,302,297,12,60,0,무정지
S09-LINE-B-2,2026-09-22,LINE-B,CORE,9,252,222,218,14,60,6,자재 대기
S09-LINE-B-3,2026-09-22,LINE-B,CORE,10,252,203,197,14,60,11,자재 대기
S09-LINE-B-4,2026-09-22,LINE-B,CORE,11,252,217,209,14,60,6,설비 조정
S09-LINE-B-5,2026-09-22,LINE-B,CORE,12,252,199,189,14,60,11,작업 전환
S09-LINE-B-6,2026-09-22,LINE-B,FLEX,13,312,280,277,12,60,5,품질 확인
S09-LINE-B-7,2026-09-22,LINE-B,CORE,14,252,191,186,14,60,14,자재 대기
S09-LINE-B-8,2026-09-22,LINE-B,CORE,15,252,165,158,14,60,19,자재 대기
S09-LINE-C-1,2026-09-22,LINE-C,FLEX,8,324,269,263,12,60,9,설비 조정
S09-LINE-C-2,2026-09-22,LINE-C,CORE,9,264,200,195,14,60,14,작업 전환
S09-LINE-C-3,2026-09-22,LINE-C,CORE,10,264,253,246,14,60,0,무정지
S09-LINE-C-4,2026-09-22,LINE-C,FLEX,11,324,282,276,12,60,6,자재 대기
S09-LINE-C-5,2026-09-22,LINE-C,FLEX,12,324,259,257,12,60,11,자재 대기
S09-LINE-C-6,2026-09-22,LINE-C,FLEX,13,324,256,252,12,60,12,설비 조정
S09-LINE-C-7,2026-09-22,LINE-C,CORE,14,264,228,222,14,60,6,작업 전환
S09-LINE-C-8,2026-09-22,LINE-C,CORE,15,264,209,201,14,60,11,품질 확인
S10-LINE-A-1,2026-09-23,LINE-A,CORE,8,240,197,195,14,60,9,작업 전환
S10-LINE-A-2,2026-09-23,LINE-A,FLEX,9,300,225,218,12,60,14,품질 확인
S10-LINE-A-3,2026-09-23,LINE-A,FLEX,10,300,262,259,12,60,7,자재 대기
S10-LINE-A-4,2026-09-23,LINE-A,FLEX,11,300,230,225,12,60,12,자재 대기
S10-LINE-A-5,2026-09-23,LINE-A,CORE,12,240,205,195,14,60,7,설비 조정
S10-LINE-A-6,2026-09-23,LINE-A,CORE,13,240,188,185,14,60,12,설비 조정
S10-LINE-A-7,2026-09-23,LINE-A,FLEX,14,300,267,262,12,60,6,작업 전환
S10-LINE-A-8,2026-09-23,LINE-A,FLEX,15,300,288,281,12,60,0,무정지
S10-LINE-B-1,2026-09-23,LINE-B,CORE,8,252,230,227,14,60,4,자재 대기
S10-LINE-B-2,2026-09-23,LINE-B,CORE,9,252,207,202,14,60,10,설비 조정
S10-LINE-B-3,2026-09-23,LINE-B,CORE,10,252,225,218,14,60,4,작업 전환
S10-LINE-B-4,2026-09-23,LINE-B,CORE,11,252,207,198,14,60,9,품질 확인
S10-LINE-B-5,2026-09-23,LINE-B,FLEX,12,312,270,268,12,60,7,자재 대기
S10-LINE-B-6,2026-09-23,LINE-B,CORE,13,252,199,195,14,60,12,자재 대기
S10-LINE-B-7,2026-09-23,LINE-B,CORE,14,252,189,183,14,60,13,설비 조정
S10-LINE-B-8,2026-09-23,LINE-B,CORE,15,252,215,207,14,60,7,설비 조정
S10-LINE-C-1,2026-09-23,LINE-C,CORE,8,264,213,209,14,60,11,자재 대기
S10-LINE-C-2,2026-09-23,LINE-C,CORE,9,264,185,179,14,60,16,자재 대기
S10-LINE-C-3,2026-09-23,LINE-C,FLEX,10,324,293,288,12,60,4,자재 대기
S10-LINE-C-4,2026-09-23,LINE-C,FLEX,11,324,291,284,12,60,5,설비 조정
S10-LINE-C-5,2026-09-23,LINE-C,FLEX,12,324,267,264,12,60,10,작업 전환
S10-LINE-C-6,2026-09-23,LINE-C,CORE,13,264,236,231,14,60,4,품질 확인
S10-LINE-C-7,2026-09-23,LINE-C,CORE,14,264,226,219,14,60,7,자재 대기
S10-LINE-C-8,2026-09-23,LINE-C,FLEX,15,324,254,251,12,60,12,자재 대기
